公司名称,公司编码,公司类型
圆通速递,yuantong,国内运输商
申通快递,shentong,国内运输商
中通快递,zhongtong,国内运输商
极兔速递,jtexpress,国内运输商
韵达快递,yunda,国内运输商
邮政快递包裹,youzhengguonei,国际邮政
顺丰速运,shunfeng,国际运输商
EMS,ems,国际邮政
京东物流,jd,国内运输商
邮政标准快递,youzhengbk,国内运输商
德邦快递,debangkuaidi,国内运输商
顺丰快运,shunfengkuaiyun,国内运输商
丹鸟,danniao,国内运输商
德邦,debangwuliu,国内运输商
邮政电商标快,youzhengdsbk,国内运输商
中通快运,zhongtongkuaiyun,国内运输商
联昊通,lianhaowuliu,国内运输商
安能快运,annengwuliu,国内运输商
京东快运,jingdongkuaiyun,国内运输商
速必达,subida,国内运输商
跨越速运,kuayue,国内运输商
顺心捷达,sxjdfreight,国内运输商
速尔快递,suer,国内运输商
国际包裹,youzhengguoji,国际运输商
百世快运,baishiwuliu,国内运输商
韵达快运,yundakuaiyun,国内运输商
壹米滴答,yimidida,国内运输商
宅急送,zhaijisong,国内运输商
中铁快运,ztky,国内运输商
日日顺物流,rrs,国内运输商
优速,youshuwuliu,国内运输商
百世快递,huitongkuaidi,国内运输商
UPS-全球件,upsen,国际运输商
安迅物流,anxl,国内运输商
加运美,jiayunmeiwuliu,国内运输商
易客满,ecmscn,国际运输商
中通国际,zhongtongguoji,国际运输商
安得物流,annto,国内运输商
信丰物流,xinfengwuliu,国内运输商
DHL-中国件,dhl,国际运输商
USPS,usps,国际邮政
京广速递,jinguangsudikuaijian,国内运输商
UPS,ups,国际运输商
FedEx-国际件,fedex,国际运输商
DHL-全球件,dhlen,国际运输商
平安达腾飞,pingandatengfei,国内运输商
速腾快递,suteng,国内运输商
同城快寄,shpost,国内运输商
Fedex-国际件-中文,fedexcn,国际运输商
递四方,disifang,国内运输商
汇森速运,huisenky,国内运输商
宇鑫物流,yuxinwuliu,国内运输商
海信物流,savor,国内运输商
YunExpress,yuntrack,国际运输商
特急送,lntjs,国内运输商
丰网速运,fengwang,国内运输商
苏宁物流,suning,国内运输商
拉火速运,lahuoex,国内运输商
Titan泰坦国际速递,timelytitan,国际运输商
安能快递,ane66,国内运输商
EWE全球快递,ewe,国际运输商
TNT,tnt,国际运输商
中国邮政（CHINA POST）,chinapost,国际邮政
EMS-国际件,emsguoji,国际邮政
宏递快运,hd,国内运输商
雪域易购,qhxyyg,国内运输商
威盛快递,wherexpess,国内运输商
環海快運,hkglobalsea,国内运输商
世华通物流,szshihuatong56,国内运输商
盛丰物流,sfwl,国内运输商
顺昌国际,shunchangguoji,国内运输商
嘉里大通,jialidatong,国内运输商
中远e环球,cosco,国际运输商
转运四方,zhuanyunsifang,国际运输商
申通国际,stosolution,国际运输商
速通物流,sut56,国内运输商
DPD,dpd,国际运输商
袋鼠速递,xjdaishu,国内运输商
天地华宇,tiandihuayu,国内运输商
明通国际快递,tnjex,国际运输商
顺丰冷链,shunfenglengyun,国内运输商
铁中快运,tzky,国内运输商
燕文物流,yw56,国际运输商
富吉速运,fujisuyun,国内运输商
新杰物流,sunjex,国内运输商
景光物流,jgwl,国内运输商
TNT-全球件,tnten,国际运输商
百腾物流,baitengwuliu,国内运输商
速邮达,suyoda,国内运输商
OnTrac,ontrac,国际运输商
联运通物流,szuem,国内运输商
盛辉物流,shenghuiwuliu,国内运输商
荣庆物流,rokin,国内运输商
佐川急便,sagawa,国际运输商
新顺丰（NSF）,nsf,国际运输商
澳邮中国快运,auexpress,国际运输商
SYNSHIP快递,synship,国际运输商
重庆星程快递,cqxingcheng,国内运输商
青岛安捷快递,anjiekuaidi,国内运输商
EMS包裹,emsbg,国际邮政
彪记快递,biaojikuaidi,国内运输商
AAE-中国件,aae,国际运输商
源安达,yuananda,国内运输商
海外环球,haiwaihuanqiu,国际运输商
DPD UK,dpduk,国际运输商
鑫正一快递,zhengyikuaidi,国内运输商
GLS,gls,国际运输商
美快国际物流,meiquick,国际运输商
诚和通,cht361,国内运输商
日本（Japan Post）,japanposten,国际邮政
四季安物流,sja56,国内运输商
中通冷链,ztocc,国内运输商
金大物流,jindawuliu,国内运输商
深圳邮政,szyouzheng,国际邮政
方舟速递,arkexpress,国际运输商
UBI Australia,gotoubi,国际运输商
圆通国际,yuantongguoji,国际运输商
三志物流,sanzhi56,国内运输商
OCS,ocs,国际运输商
日本郵便,japanpost,国际运输商
佰纳博通,viechina,国内运输商
yundaasia,yundaasia,国际运输商
安鲜达,exfresh,国内运输商
斑马物流,banma,国内运输商
芝麻开门,zhimakaimen,国内运输商
安捷物流,anjie88,国内运输商
凤凰快递,fenghuangkuaidi,国内运输商
英国邮政大包EMS,parcelforcecn,国际邮政
Aramex,aramex,国际运输商
Hermes,hermes,国际运输商
敏華物流,manwah,国内运输商
Superb Express,superb,国际运输商
天天快递,tiantian,国内运输商
聚盟共建,jumstc,国内运输商
中铁飞豹,zhongtiewuliu,国内运输商
出口易,chukou1,国际运输商
顺丰-繁体,shunfenghk,国内运输商
宅急便,zhaijibian,国际运输商
加拿大(Canada Post),canpost,国际邮政
泰国中通CTO,ctoexp,国际运输商
中速快递,zhongsukuaidi,国内运输商
佳吉快运,jiajiwuliu,国内运输商
DHL-德国件（DHL Deutschland）,dhlde,国际运输商
日日顺智慧物联,gooday365,国内运输商
邦泰快运,btexpress,国内运输商
时安达速递,goex,国内运输商
中集冷云,cccc58,国内运输商
湘粤华通,smwfloor,国内运输商
叁虎物流,sanhuwuliu,国内运输商
泰进物流,taijin,国内运输商
无忧物流,aliexpress,国内运输商
富腾达国际货运,ftd,国际运输商
D速快递,dsukuaidi,国际运输商
新西兰中通,nzzto,国际运输商
恒路物流,hengluwuliu,国内运输商
联邦快递,lianbangkuaidi,国内运输商
柬埔寨中通,khzto,国内运输商
万家物流,wanjiawuliu,国内运输商
J&T Express 新加坡,jtexpresssg,国际运输商
全联速运,guexp,国内运输商
德坤物流,dekuncn,国内运输商
Jingle Express,jingleexpressx,国际运输商
大田物流,datianwuliu,国内运输商
天鸽快运,hzdr,国内运输商
家家通快递,newsway,国内运输商
远成物流,yuanchengwuliu,国内运输商
洋包裹,yangbaoguo,国际运输商
中远快运,zy100,国内运输商
华翰物流,huahanwuliu,国际运输商
德国优拜物流,ubuy,国际运输商
全一快递,quanyikuaidi,国内运输商
高铁快运,gaotieex,国内运输商
科捷物流,kejie,国内运输商
佳怡物流,jiayiwuliu,国内运输商
联合速递,lhexpressus,国际运输商
商壹国际物流,com1express,国际运输商
高田物流,gaotian56,国内运输商
新元国际,xynyc,国际运输商
澳大利亚(Australia Post),auspost,国际邮政
粤九通物流,yuejiutong,国内运输商
嘉贤物流,jiaxianwuliu,国内运输商
美七国际快递,usa7ex,国内运输商
亚洲顺物流,yzswuliu,国际运输商
COE,coe,国际运输商
澳天速运,aotsd,国际运输商
顺丰-荷兰,shunfengnl,国际运输商
耀奇物流,yaoqi,国内运输商
成都东骏物流,dongjun,国内运输商
黑猫宅急便,tcat,国际运输商
百米快运,100mexpress,国内运输商
DPD Germany,dpdgermany,国际运输商
众邮快递,zhongyouex,国内运输商
CJ物流,doortodoor,国际运输商
达发物流,dfwl,国内运输商
EMS物流,emswuliu,国内运输商
澳德物流,auod,国际运输商
三真驿道,zlink,国内运输商
鸿泰物流,hnht56,国内运输商
EMS-国际件-英文,emsinten,国际邮政
城晓国际快递,ckeex,国际运输商
如家国际快递,homecourier,国际运输商
神骏物流,shenjun,国内运输商
贰仟家物流,erqianjia56,国内运输商
中邮物流,zhongyouwuliu,国内运输商
转运中国,uszcn,国际运输商
贝业物流,boyol,国内运输商
签收快递,signedexpress,国内运输商
大道物流,dadaoex,国内运输商
微特派,weitepai,国内运输商
荷兰邮政(PostNL international registered mail),postnl,国际邮政
南天物流,nantianwuliu,国内运输商
美乐维冷链物流,mlw,国内运输商
中迅三方,cd3fwl,国内运输商
泰嘉物流,takesend,国内运输商
鼎润物流,la911,国内运输商
 Buffalo,buffaloex,国内运输商
货拉拉物流,huolalawuliu,国内运输商
实利配送,shiligyl,国内运输商
原飞航,yuanfeihangwuliu,国内运输商
联合速运,unitedex,国内运输商
快捷快物流,gdkjk56,国内运输商
合众速递(UCS）,ucs,国际运输商
星光大道,xgdd56,国内运输商
能达速递,ganzhongnengda,国内运输商
金岸物流,jinan,国内运输商
汇峰物流,huif56,国内运输商
南方传媒物流,ndwl,国内运输商
顺达快递,sundarexpress,国内运输商
快捷速递,kuaijiesudi,国内运输商
MoreLink,morelink56,国内运输商
颿达国际快递,fardarww,国际运输商
中邮速递,wondersyd,国内运输商
美国申通,stoexpress,国际运输商
丽迅物流,lesoon,国内运输商
丰通快运,ftky365,国内运输商
极地快递,polarexpress,国内运输商
成都捷信安达物流,jxad56,国内运输商
TNT Italy,tntitaly,国际运输商
优邦速运,ubonex,国内运输商
三态速递,santaisudi,国内运输商
顺捷美中速递,passerbyaexpress,国内运输商
速递中国,sendtochina,国际运输商
百事亨通,bsht,国内运输商
FedEx-美国件,fedexus,国际运输商
汇达物流,hdcexpress,国内运输商
车联天下,szclyc,国内运输商
乐天速递,ltexp,国内运输商
领送送,lingsong,国内运输商
"继达物流	",gdjida56,国内运输商
申通新西兰,stonewzealand,国际运输商
广东邮政,guangdongyouzhengwuliu,国际邮政
安达速递,adapost,国内运输商
秦邦快运,qbexpress,国内运输商
泛球物流,fanqiu,国内运输商
天马迅达,tianma,国内运输商
快捷物流,kuaijiewuliu,国内运输商
BRT,brt,国际运输商
BOXC,boxc,国际运输商
昌宇国际,changwooair,国际运输商
豪翔物流,haoxiangwuliu,国内运输商
三象速递,sxexpress,国内运输商
TST速运通,tstexp,国际运输商
世通物流,worldex,国际运输商
宇佳物流,yujiawl,国内运输商
顺捷达,shunjieda,国内运输商
CNE,cnexps,国际运输商
迅达速递,xdexpress,国内运输商
速派快递,fastgoexpress,国内运输商
百世国际,baishiguoji,国际运输商
E速达,exsuda,国内运输商
优优速递,youyou,国内运输商
转瞬达集运,zsda56,国内运输商
1688国际物流,buyer1688,国际运输商
百世云配,baishiyp,国内运输商
"奔力物流	",blex56,国内运输商
秦岭智能速运,qinling,国内运输商
天翼快递,tykd,国内运输商
加拿大龙行速运,longcps,国内运输商
Xlobo贝海国际,xlobo,国际运输商
疯狂快递,crazyexpress,国内运输商
法国(La Poste),csuivi,国际邮政
锦程快递,hrex,国内运输商
皇家物流,pfcexpress,国内运输商
中环快递,zhonghuan,国内运输商
MCIH国际快递,mcih,国内运输商
法国小包（colissimo）,colissimo,国际运输商
全信通快递,quanxintong,国内运输商
佰麒快递,beckygo,国内运输商
美国快递,meiguokuaidi,国际运输商
一智通,1ziton,国内运输商
畅邮速递,changyousudi,国内运输商
黄马甲,huangmajia,国内运输商
盈通物流,jisu,国内运输商
百福东方,baifudongfang,国际运输商
速舟物流,cnspeedster,国内运输商
明达国际速递,tmwexpress,国际运输商
远盾物流,yuandun,国内运输商
想乐送,leshines,国内运输商
airpak expresss,airpak,国际运输商
北京EMS,bjemstckj,国际邮政
次晨达物流,ccd,国内运输商
EFSPOST,efspost,国内运输商
天天欧洲物流,ttkeurope,国际运输商
中邮电商,chinapostcb,国内运输商
中华邮政,postserv,国际邮政
民航快递,minghangkuaidi,国内运输商
英国大包、EMS（Parcel Force）,parcelforce,国际邮政
新易泰,lnet,国内运输商
TiKi,tiki,国际运输商
顺友物流,sypost,国际运输商
一速递,oneexpress,国内运输商
鑫宸物流,cdxinchen56,国内运输商
YDH,ydhex,国内运输商
嘉诚速达,jcsuda,国内运输商
顺捷丰达,shunjiefengda,国内运输商
TNT Australia,tntau,国际运输商
JDIEX,jdiex,国际运输商
春风物流,spring56,国内运输商
易境达国际物流,uscbexpress,国际运输商
美通,valueway,国内运输商
品骏快递,pjbest,国内运输商
全峰快递,quanfengkuaidi,国内运输商
耀飞同城快递,yaofeikuaidi,国内运输商
传喜物流,chuanxiwuliu,国内运输商
泰国138国际物流,sd138,国际运输商
SGXpress,sgxpress,国际运输商
长吉物流,cjqy,国内运输商
九曳供应链,jiuyescm,国内运输商
DPEX,dpex,国际运输商
泛捷国际速递,epanex,国际运输商
汇通天下物流,httx56,国内运输商
中电华远物流,hywuliu,国内运输商
承诺达,ytchengnuoda,国内运输商
安信达,anxindakuaixi,国内运输商
极兔国际,jet,国际运输商
考拉速递,koalaexp,国内运输商
明亮物流,mingliangwuliu,国内运输商
力展物流,lizhan,国内运输商
光线速递,gxwl,国内运输商
中国香港(HongKong Post),hkpost,国际邮政
长江国际速递,changjiang,国际运输商
澳洲飞跃物流,rlgaus,国际运输商
万家通急送,wanjiatong,国内运输商
路港易通,bjlgyt,国内运输商
威时沛运货运,wtdchina,国内运输商
远成快运,ycgky,国内运输商
极兔快递埃及站,jtexpresseg,国际运输商
速达通,sdto,国内运输商
红马甲物流,sxhongmajia,国内运输商
黑猫同城送,ynztsy,国内运输商
邮邦国际,youban,国际运输商
EFS Post（平安快递）,efs,国际邮政
程光快递,flyway,国际运输商
广州安能聚创物流,gzanjcwl,国内运输商
郑州速捷,sujievip,国内运输商
中健云康,concare,国内运输商
锋鸟物流,beebird,国内运输商
城市映急,city56,国内运输商
直布罗陀[英国]( Royal Gibraltar Post),gibraltar,国际邮政
万家康物流,wjkwl,国内运输商
A2U速递,a2u,国际运输商
安敏物流,anmin56,国内运输商
极速达物流,jsdky,国内运输商
卓实快运,zhuoshikuaiyun,国内运输商
华欣物流,chinastarlogistics,国内运输商
意大利(Poste Italiane),italiane,国际邮政
佳成快递 ,jiacheng,国内运输商
快卡,kuaika,国内运输商
中融泰隆,zrtl,国内运输商
云邮跨境快递,hkems,国际运输商
印度尼西亚EMS(Pos Indonesia-EMS),indonesia,国际邮政
货运皇,kingfreight,国际运输商
日日顺快线,rrskx,国内运输商
商桥物流,shangqiao56,国内运输商
佳辰国际速递,jiachenexpress,国际运输商
全球速递,pdstow,国际运输商
瑞士(Swiss Post),swisspost,国际邮政
鸢速货运,yuansuhy,国内运输商
飞力士物流,flysman,国内运输商
韩国邮政,koreapostcn,国际邮政
优速通达,yousutongda,国内运输商
西班牙(Correos de Espa?a),correosdees,国际邮政
EMS-英文,emsen,国际邮政
"英国(大包,EMS)",england,国际邮政
行云物流,xyb2b,国际运输商
中途速递,ztcce,国内运输商
法国大包、EMS-法文（Chronopost France）,chronopostfra,国际邮政
法国大包、EMS-英文(Chronopost France),chronopostfren,国际邮政
迅速快递,xunsuexpress,国内运输商
智通物流,ztong,国内运输商
中铁物流供应链,ztwlgyl,国内运输商
泰实货运,tjkjwl,国内运输商
全球快运,abcglobal,国际运输商
友家速递,youjia,国内运输商
递四方美国,disifangus,国际运输商
MyHermes,myhermes,国际运输商
速呈,sczpds,国内运输商
越南EMS(VNPost Express),vnpost,国际邮政
中环转运,zhonghuanus,国际运输商
中汲物流,zhongji,国内运输商
小飞侠速递,cyxfx,国内运输商
递五方云仓,di5pll,国内运输商
龙兴物流,lx56,国内运输商
哪吒速运,nezhasuyun,国内运输商
新加坡EMS、大包(Singapore Speedpost),speedpost,国际邮政
突尼斯EMS(Rapid-Poste),tunisia,国际邮政
广博物流,wxgbwl,国内运输商
AOL澳通速递,aolau,国际运输商
安世通快递,astexpress,国内运输商
大韩通运,cjkoreaexpress,国内运输商
希腊EMS（ELTA Courier）,eltahell,国际邮政
澳州顺风快递,emms,国际运输商
南非EMS,emssouthafrica,国际邮政
乌克兰EMS-中文(EMS Ukraine),emsukrainecn,国际邮政
飞鹰物流,hnfy,国内运输商
J&T Express 菲律宾,jtexpressph,国际运输商
阿塞拜疆EMS(EMS AzerExpressPost),azerbaijan,国际邮政
Toll,dpexen,国际运输商
DYB,dybservice,国内运输商
高考通知书,emsluqu,国内运输商
乌克兰EMS(EMS Ukraine),emsukraine,国际邮政
飞快达,feikuaida,国内运输商
老扬州物流,tjlyz56,国内运输商
翔宇物流,xiangyuwl56,国内运输商
宇航通物流,yhtlogistics,国内运输商
YODEL,yodel,国际运输商
360 Lion Express,360lion,国际运输商
ABF,abf,国际运输商
华中快递,cpsair,国内运输商
德国(Deutsche Post),deutschepost,国际邮政
达方物流,dfpost,国内运输商
海欣斯快递,highsince,国际运输商
久久物流,jiujiuwl,国内运输商
韩国邮政韩文,koreapostkr,国际邮政
圣安物流,shenganwuliu,国内运输商
GPI,tcxbthai,国际运输商
飞腾物流,ft56,国内运输商
韩国（Korea Post）,koreapost,国际邮政
中安物流,zhonganhuoyun,国内运输商
aCommerce,acommerce,国际运输商
中欧物流,cneulogistics,国内运输商
大洋物流,dayangwuliu,国内运输商
DPD Poland,dpdpoland,国际运输商
欧亚专线,euasia,国际运输商
海带宝,haidaibao,国际运输商
美泰物流,meitai,国内运输商
爱尔兰(An Post),anposten,国际邮政
DHL Benelux,dhlbenelux,国际运输商
环球速运,huanqiu,国际运输商
"马来西亚大包、EMS（Malaysia Post(parcel,EMS)）",malaysiaems,国际邮政
迅选物流,xunxuan,国内运输商
云达通,ydglobe,国内运输商
中宏物流,zhonghongwl,国内运输商
AAA Cooper Transportation,aaacooper,国际运输商
明大快递,adaexpress,国内运输商
安达易国际速递,adiexpress,国际运输商
皇家云仓,hotwms,国内运输商
成都立即送,lijisong,国内运输商
星云速递,nebuex,国内运输商
荷兰邮政-中文(PostNL international registered mail),postnlcn,国际邮政
全速物流,quansu,国内运输商
上大物流,shangda,国内运输商
林道国际快递,shlindao,国际运输商
新速航,sunspeedy,国内运输商
新宁物流,xinning,国内运输商
武汉优进汇,yjhgo,国内运输商
ACS Courier,acscourier,国际运输商
比利时(Belgium Post),belgiumpost,国际邮政
银雁专送,cfss,国内运输商
卓志速运,chinaicip,国内运输商
Fastway Ireland,fastway,国际运输商
GTS快递,gts,国际运输商
景顺物流,jingshun,国内运输商
J&T Express 马来西亚,jtexpressmy,国际运输商
嘉里大荣物流,kerrytj,国内运输商
林道国际快递-英文,ldxpres,国际运输商
卢森堡(Luxembourg Post),luxembourg,国际邮政
全日通,quanritongkuaidi,国内运输商
飞洋快递,shipgce,国际运输商
双鹤物流,shuanghe,国内运输商
天辰物流,tianchenwuliu,国内运输商
运通快运,ytky168,国内运输商
AlfaTrex,alfatrex,国际运输商
波兰小包(Poczta Polska),emonitoring,国际运输商
高捷快运,goldjet,国内运输商
黑豹物流,heibaowuliu,国内运输商
龙行天下,pmt0704be,国内运输商
丹麦(Post Denmark),postdanmarken,国际邮政
Purolator,purolator,国际运输商
全际通,quanjitong,国内运输商
闪货极速达,shanhuodidi,国内运输商
洋口岸,ykouan,国际运输商
远航国际快运,yuanhhk,国际运输商
智谷特货,zhiguil,国内运输商
ADP国际快递,adp,国际运输商
飞豹快递,feibaokuaidi,国内运输商
丰羿,fengyee,国内运输商
番薯国际货运,koali,国际运输商
6LS EXPRESS,lsexpress,国际运输商
美西快递,meixi,国际运输商
新西兰（New Zealand Post）,newzealand,国际邮政
葡萄牙（Portugal CTT）,portugalctt,国际运输商
7E速递,qesd,国际运输商
SiCepat Ekspres,sicepat,国际运输商
中外运速递-中文,sinoex,国际运输商
通胜物流,tongshengwj,国内运输商
ABS courier & freight system,abs,国际运输商
上海缤纷物流,bflg,国内运输商
哥斯达黎加(Correos de Costa Rica),correos,国际邮政
dhl小包,dhlecommerce,国际运输商
DHL-荷兰（DHL Netherlands）,dhlnetherlands,国际运输商
恒瑞物流,hengrui56,国内运输商
汇霖大货网,huilin56,国内运输商
Italy SDA,italysad,国际运输商
Landmark Global,landmarkglobal,国际运输商
lotteglogis,lotteglogis,国际运输商
速风快递,sufengkuaidi,国内运输商
远辉物流,wxyuanhui,国内运输商
亚风速递,yafengsudi,国内运输商
德国雄鹰速递,adlerlogi,国际运输商
ADSone,adsone,国际运输商
奥地利(Austrian Post),austria,国际邮政
八达通,bdatong,国内运输商
CHS中环国际快递,chszhonghuanguoji,国际运输商
DFGL,dflogis,国内运输商
dhluk,dhluk,国内运输商
logen路坚,ilogen,国际运输商
佳豪鑫物流,jhx56,国内运输商
急先达,jixianda,国内运输商
联邦快递-英文,lianbangkuaidien,国内运输商
Linex,linex,国际运输商
Ninja Van ,ninjavan,国际运输商
Quantium,quantium,国际运输商
顺通快递,stkd,国内运输商
速通鸿达,sutonghongda,国内运输商
泰国邮政（Thailand Thai Post）,thailand,国际邮政
五六快运,wuliuky,国内运输商
鑫宏福物流,xhf56,国内运输商
西邮寄速递,xyjexpress,国内运输商
浩运物流,zbhy56,国内运输商
准实快运,zsky123,国内运输商
青云物流,bjqywl,国内运输商
城通物流,chengtong,国内运输商
东方汇,est365,国内运输商
共速达,gongsuda,国内运输商
天天快物流,guoeryue,国内运输商
海联快递,hltop,国内运输商
KCS,kcs,国际运输商
快达物流,kuaidawuliu,国内运输商
龙枫国际快递,lfexpress,国际运输商
魔速达,mosuda,国内运输商
穗佳物流,suijiawuliu,国内运输商
UEQ快递,ueq,国际运输商
一辉物流,yatfai,国内运输商
西安运逸快递,yyexp,国内运输商
明辉物流,zsmhwl,国内运输商
ZTE中兴物流,zteexpress,国际运输商
阿富汗(Afghan Post),afghan,国际邮政
Asendia USA,asendiausa,国际运输商
报通快递,baoxianda,国内运输商
BHT,bht,国际运输商
比利时国际(Bpost international),bpostinter,国际邮政
CEVA Logistics,ceva,国际运输商
递达速运,didasuyun,国内运输商
EASY EXPRESS,easyexpress,国际运输商
FedRoad 联邦转运,fedroad,国际运输商
国送快运,guosong,国内运输商
中国香港(HongKong Post)英文,hkposten,国际邮政
大达物流,idada,国内运输商
華信物流WTO,logistics,国际运输商
联通快递,ltparcel,国际运输商
吉捷国际速递,luckyfastex,国际运输商
浩博物流,njhaobo,国内运输商
荷兰包裹(PostNL International Parcels),postnlpacle,国际邮政
日昱物流,riyuwuliu,国内运输商
瑞典（Sweden Post）,ruidianyouzheng,国际邮政
赛澳递for买卖宝,saiaodimmb,国际运输商
速品快递,supinexpress,国内运输商
"兴鹏物流	",szxpwl,国内运输商
乌克兰邮政包裹,ukrpostcn,国际邮政
维普恩物流,vps,国内运输商
豌豆物流,wandougongzhu,国内运输商
美国云达,yundaexus,国际运输商
中天万运,zhongtianwanyun,国内运输商
德方物流,ahdf,国内运输商
加拿大民航快递,airgtc,国际运输商
亚马逊中国订单,amazoncnorder,国际运输商
新干线快递,anlexpress,国内运输商
阿森迪亚,asendia,国际运输商
上海生生物流,ashsh,国内运输商
邦送物流,bangsongwuliu,国内运输商
白俄罗斯(Belpochta),belpost,国际运输商
百通物流,buytong,国内运输商
City-Link,citylink,国际运输商
CNPEX中邮快递,cnpex,国际运输商
Couriers Please,couriersplease,国际运输商
东风全球速递,dfglobalex,国内运输商
云南滇驿物流,dianyi,国内运输商
东瀚物流,donghanwl,国内运输商
龙象国际物流,edragon,国际运输商
飞康达,feikangda,国内运输商
Flash Express-英文,flashexpressen,国际运输商
冠达丰物流,gfdwuliu,国内运输商
黑猫速运,heimao56,国内运输商
华光国际快运,hkhuaguang,国内运输商
宏品物流,hongpinwuliu,国内运输商
加州猫速递,jiazhoumao,国内运输商
捷安达,jieanda,国内运输商
锦程物流,jinchengwuliu,国内运输商
时达通,jssdt56,国内运输商
聚鼎物流,juding,国内运输商
快速递,ksudi,国内运输商
良藤国际速递,lmfex,国际运输商
猛犸速递,mmlogi,国际运输商
秘鲁(SERPOST),peru,国际邮政
菲律宾（Philippine Postal）,phlpost,国际邮政
PostNord Logistics,postnord,国际运输商
全川摩运,quanchuan56,国内运输商
世运快递,shiyunkuaidi,国内运输商
新加坡小包(Singapore Post),singpost,国际邮政
文捷航空,wenjiesudi,国际运输商
蓝天物流,xflt56,国内运输商
新颜物流,xinyan,国内运输商
鑫圣邦物流,xsb56,国内运输商
亿德隆物流,ydl56,国内运输商
易达通,yidatong,国内运输商
宜送物流,yiex,国内运输商
越丰物流,yuefengwuliu,国内运输商
一站通速运,yztex,国内运输商
志腾物流,zhitengwuliu,国内运输商
阿尔巴尼亚(Posta shqipatre),albania,国际邮政
安家同城快运,anjiatongcheng,国内运输商
安时递,anshidi,国内运输商
澳货通,auex,国际运输商
蜜蜂速递,bee001,国内运输商
远通盛源,bjytsywl,国内运输商
巴西(Brazil Post/Correios),brazilposten,国际邮政
文莱(Brunei Postal),brunei,国际邮政
彩丰物流,caifengwl,国内运输商
加拿大邮政,canpostfr,国际邮政
捷祥物流,cdjx56,国内运输商
创一快递,chuangyi,国内运输商
CK物流,ckexpress,国内运输商
中澳速递,cnausu,国际运输商
CNUP 中联邮,cnup,国际运输商
哥伦比亚(4-72 La Red Postal de Colombia),colombia,国际邮政
深圳德创物流,dechuangwuliu,国内运输商
叮咚快递,dingdong,国内运输商
易达快运,edaeuexpress,国内运输商
ETEEN专线,eteenlog,国内运输商
易邮国际,euguoji,国际运输商
E2G速递,express2global,国内运输商
凡宇快递,fanyukuaidi,国内运输商
芬兰(Itella Posti Oy),finland,国际邮政
GSM,gsm,国际运输商
上海航瑞货运,hangrui,国内运输商
汇捷物流,hjwl,国内运输商
好来运,hlyex,国内运输商
宏运发物流,hongyunfa56,国内运输商
环东物流,huandonglg,国内运输商
中国香港环球快运,huanqiuabc,国际运输商
华企快运,huaqikuaiyun,国内运输商
汇强快递,huiqiangkuaidi,国内运输商
爱拜物流,ibuy8,国际运输商
骏丰国际速递,junfengguoji,国际运输商
快服务,kfwnet,国内运输商
LUCFLOW EXPRESS,longfx,国内运输商
路邦物流,lubang56,国内运输商
路遥物流,luyao,国内运输商
南京合纵连横物流,njhzlh,国内运输商
华赫物流,nmhuahe,国内运输商
parcel2go,parcel2go,国际运输商
PostNord(Posten AB),postenab,国际邮政
荷兰邮政-中国件,postnlchina,国际邮政
急顺通,pzhjst,国内运输商
ANTS EXPRESS,qdants,国际运输商
雪域快递,qhxykd,国内运输商
千里速递,qianli,国内运输商
人人转运,renrenex,国内运输商
塞尔维亚(PE Post of Serbia),serbia,国际邮政
澳丰速递,sfau,国际运输商
盛通快递,shengtongscm,国内运输商
苏豪快递,shipsoho,国内运输商
嗖一下同城快递,sofast56,国内运输商
速速达,ssd,国内运输商
星速递,starex,国内运输商
Amazon FBA Swiship,swiship,国际运输商
通达物流,tarrive,国内运输商
USPSCN,uspscn,国际运输商
伍圆速递,wuyuansudi,国内运输商
易通达,yitongda,国内运输商
优胜国际速递,yoseus,国际运输商
雅澳物流,yourscm,国际运输商
玥玛速运,yue777,国内运输商
御风速运,yufeng,国内运输商
蕴国物流,yunguo56,国内运输商
珠峰速运,zf365,国内运输商
中快货运,zhongkuai,国内运输商
Agility Logistics,agility,国际运输商
澳捷物流,ajlogistics,国际运输商
ALLIED,alliedexpress,国际运输商
心怡物流,alog,国内运输商
安捷信物流,anjiexin56,国内运输商
艾瑞斯远,ariesfar,国内运输商
Austa国际速递,austa,国际运输商
澳台转运,autw,国际运输商
AUV国际快递,auvexpress,国际运输商
巴林(Bahrain Post),bahrain,国际邮政
BCWELT,bcwelt,国际运输商
不丹邮政 Bhutan Post,bhutan,国际邮政
BlueDart,bluedart,国际运输商
速方(Sufast),bphchina,国际运输商
百千诚物流,bqcwl,国内运输商
宏桥国际物流,briems,国内运输商
卢森堡航空,cargolux,国际运输商
广州信邦,cbllogistics,国内运输商
捷克（?eská po?ta）,ceskaposta,国际运输商
城际快递,chengji,国内运输商
程洋快递,chengyangex,国际运输商
智利(Correos Chile),chile,国际邮政
C&C国际速递,cncexp,国际运输商
DCS,dcs,国际运输商
德中快递,decnlh,国内运输商
德速电商物流,deksu,国内运输商
DHL HK,dhlhk,国际运输商
递四方澳洲,disifangau,国际运输商
东红物流,donghong,国内运输商
Dotzot,dotzot,国内运输商
东西E全运,ecotransite,国际运输商
Estes,estes,国际运输商
飛斯特運通,exbtr,国际运输商
可可树美中速运,excocotree,国内运输商
颿达国际快递-英文,fandaguoji,国际运输商
泛远国际物流,farlogistis,国际运输商
飞邦快递,fbkd,国内运输商
Flash Express,flashexpress,国际运输商
花瓣转运,flowerkd,国际运输商
Gati-英文,gatien,国际运输商
GDEX,gdex,国际运输商
新鹏快递,gdxp,国内运输商
GE2D跨境物流,ge2d,国际运输商
全球速运,global99,国际运输商
格陵兰[丹麦]（TELE Greenland A/S）,greenland,国际运输商
广东通路,guangdongtonglu,国内运输商
海红网送,haihongwangsong,国内运输商
合心速递,hexinexpress,国内运输商
华美快递,hmus,国内运输商
河南全速通,hnqst,国内运输商
克罗地亚（Hrvatska Posta）,hrvatska,国际邮政
华通快运,htongexpress,国内运输商
华夏货运,huaxiahuoyun,国内运输商
鸿远物流,hyeship,国内运输商
UPS i-parcel,iparcel,国际运输商
以色列(Israel Post),israelpost,国际邮政
"爱淘速递	",itaoexpress,国内运输商
jcex,jcex,国际运输商
骏达快递,jdexpressusa,国内运输商
J&T Express,jetexpresszh,国际运输商
佳吉快递,jiajikuaidi,国内运输商
晋越快递,jinyuekuaidi,国内运输商
吉祥邮（澳洲）,jixiangyouau,国际运输商
聚物物流,juwu,国内运输商
聚中大,juzhongda,国内运输商
林安物流,lasy56,国内运输商
一号线,lineone,国际运输商
长风物流,longvast,国内运输商
吉运家物流,luckyexpress,国内运输商
鲁通快运,lutong,国内运输商
马来西亚小包（Malaysia Post(Registered)）,malaysiapost,国际邮政
尼日利亚(Nigerian Postal),nigerianpost,国际邮政
牛仔速运,niuzaiexpress,国内运输商
Packlink,packlink,国际运输商
Park N Pracel,parknparcel,国际运输商
PCA Express,pcaexpress,国际运输商
鹏远国际速递,pengyuanexpress,国际运输商
北极星快运,polarisexpress,国内运输商
千顺快递,qskdyxgs,国内运输商
Red Express,redexpress,国际运输商
罗马尼亚（Posta Romanian）,romanian,国际邮政
全时速运,runhengfeng,国内运输商
SCCS,sccs,国际运输商
十方通物流,sfift,国内运输商
捎客物流,shaoke,国内运输商
阳光快递,shiningexpress,国内运输商
顺邦国际物流,shunbang,国际运输商
四海捷运,sihiexpress,国内运输商
skynet,skynet,国际运输商
skynetworldwide,skynetworldwide,国际运输商
斯洛伐克(Slovenská Posta),slovak,国际邮政
斯洛文尼亚(Slovenia Post),slovenia,国际邮政
南非（South African Post Office）,southafrican,国际邮政
申必达,speedoex,国内运输商
swiship us,swishipus,国际运输商
瑞士邮政,swisspostcn,国际邮政
深圳DPEX,szdpex,国际运输商
世纪通物流,szsjtwl,国内运输商
天纵物流,tianzong,国内运输商
TNT Post,tntpostcn,国际邮政
Toll Priority(Toll Online),tollpriority,国际运输商
中运全速,topspeedex,国内运输商
UEX国际物流,uex,国际运输商
乌克兰小包、大包(UkrPoshta),ukraine,国际运输商
优联吉运,uluckex,国内运输商
越中国际物流,vctrans,国际运输商
威速递,wexpress,国内运输商
万理诺物流,wln,国内运输商
渥途国际速运,wotu,国际运输商
臣邦同城,wto56kj,国内运输商
西游寄,xiyoug,国际运输商
也门(Yemen Post),yemen,国际邮政
驿将快运,yijiangky,国内运输商
一正达速运,yizhengdasuyun,国内运输商
邮来速递,youlai,国内运输商
鼹鼠快送,ysexpress,国内运输商
Yusen Logistics,yusen,国际运输商
一运全成物流,yyqc56,国内运输商
赞比亚,zampost,国际邮政
俄顺物流,zesexpress,国际运输商
招金精炼,zhaojin,国内运输商
众辉达物流,zhdwl,国内运输商
中技物流,zhongjiwuliu,国内运输商
忠信达,zhongxinda,国内运输商
泰捷达国际物流,ztjieda,国际运输商
ABX Express,abxexpress_my,国际运输商
全程快递,agopost,国内运输商
卡邦配送,ahkbps,国内运输商
捷记方舟,ajexpress,国际运输商
奥兰群岛,aland,国际邮政
Algeria,algeria,国际邮政
Swiship UK,amazon_fba_swiship,国际运输商
Anjun Logistics,anjun_logistics,国际运输商
Anteraja,anteraja,国际运输商
澳速物流,aosu,国际运输商
APC Postal Logistics,apc,国际运输商
apgecommerce,apgecommerce,国内运输商
美国汉邦快递,aplus100,国际运输商
ARC,arc,国际运输商
阿鲁巴[荷兰]（Post Aruba）,aruba,国际邮政
Asendia HK,asendiahk,国际运输商
澳达国际物流,auadexpress,国内运输商
澳世速递,ausexpress,国际运输商
澳新物流,axexpress,国际运输商
巴巴多斯(Barbados Post),barbados,国际邮政
皮牙子快递,bazirim,国内运输商
BDC快递,bdcgcc,国际运输商
BEE express,beeexpress,国际运输商
beiou express,beiou,国内运输商
伯利兹(Belize Postal),belize,国际邮政
贝宁,benin,国际邮政
笨鸟国际,benniao,国际运输商
奔腾物流,benteng,国内运输商
飛斯特,bester,国际运输商
東邮寄,betterlife,国际运输商
鑫锐达,bjxsrd,国内运输商
佰乐捷通,bljt56,国内运输商
北美国际物流,bmxps,国际运输商
波黑(JP BH Posta),bohei,国际邮政
玻利维亚,bolivia,国际运输商
BorderGuru,borderguru,国际邮政
堡昕德速递,bosind,国内运输商
Bosta,bosta,国际运输商
博茨瓦纳,botspost,国际邮政
Bridge Express ,bridgeexpress ,国际运输商
保加利亚（Bulgarian Posts）,bulgarian,国际邮政
Buylogic,buylogic,国际运输商
新喀里多尼亚[法国](New Caledonia),caledonia,国际运输商
柬埔寨(Cambodia Post),cambodia,国际邮政
到了港,camekong,国际运输商
Campbell’s Express,campbellsexpress,国际运输商
能装能送,canhold,国内运输商
Canpar,canpar,国际运输商
CBL Logistica,cbl,国内运输商
CBL Logistics,cbl_logistica,国际运输商
钏博物流,cbo56,国内运输商
CEVA Logistic,cevalogistics,国际运输商
城铁速递,cex,国内运输商
成达国际速递,chengda,国际运输商
城宁供应链,chengning,国内运输商
荣通国际,chinaqingguan,国内运输商
SQK国际速递,chinasqk,国际运输商
同舟行物流,chinatzx,国内运输商
嘉荣物流,chllog,国内运输商
中翼国际物流,chnexp,国际运输商
Chronopost Portugal,chronopostport,国际邮政
中国香港骏辉物流,chunfai,国际运输商
citysprint,citysprint,国际运输商
澳通华人物流,cllexpress,国际运输商
群航国际物流,cloudlogistics365,国际运输商
CNAIR,cnair,国际运输商
Collect+,collectplus,国际运输商
邦通国际,comexpress,国际运输商
Corporate couriers logistics,corporatecouriers,国际运输商
莫桑比克（Correios de Mo?ambique）,correios,国际运输商
乌拉圭（Correo Uruguayo）,correo,国际运输商
阿根廷(Correo Argentina),correoargentino,国际运输商
Correos Express,correosexpress,国际运输商
CourierPost,courierpost,国际运输商
新时速物流,csxss,国内运输商
云南诚中物流,czwlyn,国内运输商
DACHSER,dachser,国际运输商
丹递56,dande56,国内运输商
达速物流,dasu,国内运输商
Delhivery,delhivery,国际运输商
Delivery Station,deliverystations,国际运输商
Deltec Courier,deltec,国际运输商
Deploy,deployeg,国际运输商
澳行快递,desworks,国际运输商
DHL-波兰（DHL Poland）,dhlpoland,国际运输商
叮咚澳洲转运,dindon,国际运输商
Direct Link,directlink,国际邮政
吉布提,djibouti,国际邮政
DPD Ireland,dpd_ireland,国际运输商
DPE Express,dpe_express,国际运输商
DF物流,dragonfe,国内运输商
dreevo,dreevo,国际运输商
老司机国际快递,driverfastgo,国际运输商
DSV,dsv,国际运输商
德淘邦,dt8ang,国内运输商
DTD,dtd,国际运输商
DTDC India,dtdcindia,国际运输商
渡石医药,dushisc,国内运输商
大亿快递,dyexpress,国际运输商
东方航空物流,ealceair,国际运输商
E跨通,ecallturn,国际运输商
EC-Firstclass,ecfirstclass,国际运输商
Echo,echo,国际运输商
ECMS Express,ecmsglobal,国际运输商
Ecom Express,ecomexpress,国内运输商
厄瓜多尔(Correos del Ecuador),ecuador,国际邮政
EGY Express Logistics,egyexpress,国际运输商
埃及（Egypt Post）,egypt,国际邮政
Egypt Express,egyptexpress,国际运输商
Ekart,ekart,国际运输商
希腊包裹（ELTA Hellenic Post）,elta,国际邮政
阿联酋(Emirates Post),emirates,国际邮政
阿联酋(Emirates Post),emiratesen,国内运输商
波兰小包(Poczta Polska),emonitoringen,国内运输商
联众国际,epspost,国际运输商
Equick China,equick_cn,国际运输商
厄立特里亚,eripostal,国际邮政
俄顺达,eshunda,国内运输商
Estafeta,estafeta,国际运输商
埃塞俄比亚(Ethiopian postal),ethiopia,国际邮政
埃塞俄比亚(Ethiopian Post),ethiopian,国际邮政
E通速递,etong,国际运输商
中欧国际物流,eucnrail,国际运输商
德国 EUC POST,eucpost,国际邮政
EU-EXPRESS,euexpress,国际运输商
易优包裹,eupackage,国内运输商
败欧洲,europe8,国际运输商
europeanecom,europeanecom,国际运输商
优莎速运,eusacn,国内运输商
长顺海运,everwellmarine,国内运输商
Expeditors,expeditors,国际运输商
探路速运,explorer56,国内运输商
澳洲新干线快递,expressplus,国际运输商
易转运,ezhuanyuan,国际运输商
加拿大联通快运,fastontime,国际运输商
Fastway New Zealand,fastway_nz,国际运输商
Fastway South Africa,fastway_za,国际运输商
正途供应链,fastzt,国内运输商
FDS,fds,国际运输商
FedEx-英国件（FedEx UK),fedexuk,国际运输商
FedEx-英国件,fedexukcn,国际运输商
飞狐快递,feihukuaidi,国内运输商
斐济(Fiji Post),fiji,国际邮政
First Flight,firstflight,国际运输商
First Logistics,firstlogistics,国际运输商
Flextock,flextock,国际运输商
FODEL,fodel,国际运输商
四方格,fourpxus,国际运输商
FOX国际快递,fox,国际运输商
FQ狂派速递,freakyquick,国际运输商
法翔速运,ftlexpress,国内运输商
Gati-中文,gaticn,国际运输商
Gati-KWE,gatikwe,国际运输商
广东诚通物流,gdct56,国内运输商
全网物流,gdqwwl,国内运输商
容智快运,gdrz58,国内运输商
格鲁吉亚(Georgian Pos）,georgianpost,国际运输商
G EXpress,gexpress,国际运输商
加纳,ghanapost,国际邮政
环创物流,ghl,国内运输商
GHT物流,ghtexpress,国际运输商
GIZTIX,giztix,国际运输商
冠捷物流 ,gjwl,国内运输商
globaltracktrace,globaltracktrace,国际运输商
GLSItaly,glsitaly,国际运输商
英脉物流,gml,国内运输商
GOGOX,gogox,国际运输商
gojavas,gojavas,国际运输商
Grab,grab,国际运输商
潍鸿,grivertek,国际运输商
哥士传奇速递,gscq365,国内运输商
德尚国际速递,gslexpress,国际运输商
GTT EXPRESS快递,gttexpress,国内运输商
永邦快递,guangdongyongbang,国内运输商
冠庭国际物流,guanting,国际运输商
根西岛,guernsey,国际邮政
国顺达物流,guoshunda,国内运输商
圭亚那,guyana,国际邮政
宏观国际快递,gvpexpress,国际运输商
贵州星程快递,gzxingcheng,国内运输商
货六六,h66,国内运输商
海红for买卖宝,haihongmmb,国际运输商
海盟速递,haimengsudi,国内运输商
海星桥快递,haixingqiao,国内运输商
海中转运,haizhongzhuanyun,国内运输商
汉邦国际速递,handboy,国际运输商
翰丰快递,hanfengjl,国内运输商
航宇快递,hangyu,国内运输商
Hanjin,hanjin,国际运输商
汉信快递,hanxin,国内运输商
亚美尼亚(Haypost-Armenian Postal),haypost,国际邮政
Hermes Germany,hermes_de,国际运输商
Hermesworld,hermesworld,国际运输商
环国运物流,hgy56,国内运输商
华瀚快递,hhair56,国内运输商
Highway,highway,国际运输商
猴急送,hjs,国内运输商
飞豹速递,hkeex,国内运输商
共联配,hlpgyl,国内运输商
顺时达物流,hnssd56,国内运输商
益企发物流,hnyqf,国内运输商
中强物流,hnzqwl,国内运输商
Holisol,holisollogistics,国际运输商
洪都拉斯,honduras,国际邮政
红背心,hongbeixin,国内运输商
宏捷国际物流,hongjie,国际运输商
红远物流,hongywl,国内运输商
海派国际速递,hpexpress,国际运输商
环球通达 ,hqtd,国际运输商
速远同城快递,hrbsydrd,国内运输商
卓烨快递,hrbzykd,国内运输商
高铁速递,hre,国内运输商
寰世达国际物流,hsdexpress,国际运输商
海硕高铁速递,hsgtsd,国内运输商
海淘物流,ht22,国内运输商
华达快运,huada,国内运输商
驼峰国际,humpline,国际运输商
匈牙利（Magyar Posta）,hungary,国际邮政
hunter Express,hunterexpress,国际运输商
兰州伙伴物流,huoban,国内运输商
户通物流,hutongwuliu,国内运输商
上海昊宏国际货物,hyk,国际运输商
恒宇运通,hyytes,国内运输商
华航快递,hzpl,国内运输商
IB Courier,ibcourier,国际运输商
冰岛(Iceland Post),iceland,国际邮政
ID Express,idexpress,国际运输商
泛太优达,iex,国内运输商
无限速递,igcaexpress,国内运输商
ILYANG,ilyang,国际运输商
iMile,imile,国际运输商
艾姆勒,imlb2c,国际运输商
印度(India Post),india,国际邮政
INDOPAKET,indopaket,国际运输商
多米尼加（INPOSDOM – Instituto Postal Dominicano）,inposdom,国际邮政
InPost Paczkomaty,inpost_paczkomaty,国际运输商
捷运达快递,interjz,国内运输商
Interlink Express,interlink,国际运输商
Interparcel,interparcel,国际运输商
伊朗（Iran Post）,iran,国际邮政
IXPRESS,ixpress,国际运输商
驿扬国际速运,iyoungspeed,国际运输商
牙买加（Jamaica Post）,jamaicapost,国际邮政
janio,janio,国际运输商
泽西岛,jerseypost,国际运输商
Jet Express,jetexpresseg,国际运输商
澳速通国际速递,jetexpressgroup,国际运输商
捷仕,jetstarexp,国内运输商
极兔国际中文,jetzh,国内运输商
佳家通货运,jiajiatong56,国内运输商
加佳物流,jiajiawl,国内运输商
捷世通物流,jieshitong,国内运输商
极光转运,jiguang,国际运输商
近端,jinduan,国内运输商
久易快递,jiuyicn,国内运输商
佳捷翔物流,jjx888,国内运输商
国迅物流,jmguoxun,国内运输商
JNE,jne,国际运输商
约旦(Jordan Post),jordan,国际邮政
极兔快递阿联酋,jtexpressae,国际运输商
J&T Express 泰国,jtexpressth,国际运输商
Jumia,jumia,国际运输商
聚盟物流,jumsz,国内运输商
集先锋快递,jxfex,国内运输商
Kaha Epress,kahaexpress,国际运输商
Kangaroo Express,kangaroo,国际运输商
康润物流,kangrun,国内运输商
哈萨克斯坦(Kazpost),kazpost,国际邮政
肯尼亚(POSTA KENYA),kenya,国际邮政
Kerry Express-泰国,kerrythailand,国际运输商
Kerry Express-泰国,kerrythailanden,国际运输商
启邦国际物流,keypon,国际运输商
Kuehne + Nagel,kn,国际运输商
淘韩国际快递,krtao,国际运输商
Kuehne+Nagel,kuehnenagel,国际运输商
KURASI,kurasi,国际运输商
凯信达,kxda,国内运输商
快运联盟,kylm360,国内运输商
吉尔吉斯斯坦(Kyrgyz Post),kyrgyzpost,国际邮政
蓝镖快递,lanbiaokuaidi,国内运输商
蓝弧快递,lanhukuaidi,国内运输商
老挝(Lao Express) ,lao,国际运输商
塞内加尔,laposte,国际邮政
LaserShip,lasership,国际运输商
拉脱维亚(Latvijas Pasts),latvia,国际运输商
拉脱维亚(Latvijas Pasts),latviaen,国际邮政
立白宝凯物流,lbbk,国内运输商
LBC Express,lbc56,国内运输商
禄昌物流,lc56,国内运输商
两点之间,ldzy168,国内运输商
乐达全球速递,ledaexpress,国内运输商
楽道物流,ledaowuliu,国内运输商
乐递供应链,ledii,国内运输商
云豹国际货运,leopard,国际运输商
莱索托(Lesotho Post),lesotho,国际邮政
美联快递,letseml,国内运输商
Laxship,lexship,国际运输商
联运快递,lianyun,国内运输商
黎巴嫩(Liban Post),libanpost,国际邮政
Lion Parcel,lionparcel,国际运输商
丽狮物流,lishi,国内运输商
Lite Express,lite56,国内运输商
润禾物流,liujiashen,国内运输商
Loadbugs,loadbugs,国际运输商
隆浪快递,longlangkuaidi,国内运输商
Loomis Express,loomisexpress,国际运输商
论道国际物流,lundao,国际运输商
卢森堡(Luxembourg Post),luxembourgde,国际运输商
卢森堡(Luxembourg Post),luxembourgfr,国际运输商
路尊物流,luzun,国内运输商
LWE,lwe,国际运输商
中国澳门(Macau Post),macao,国际邮政
马其顿(Macedonian Post),macedonia,国际邮政
Maersk,maersk,国际运输商
mailamericas,mailamericas,国内运输商
迈隆递运,mailongdy,国内运输商
Mainfreight,mainfreight,国际运输商
马耳他（Malta Post）,malta,国际邮政
芒果速递,mangguo,国内运输商
今枫国际快运,mapleexpress,国际运输商
MAS Courier Servic,mascourierservice,国际运输商
Matkahuolto,matkahuolto,国际运输商
毛里求斯(Mauritius Post),mauritius,国际邮政
澳洲迈速快递,maxeedexpress,国际运输商
木春货运,mchy,国际运输商
Middle East Courier service,mecs,国际运输商
金域达物流,med56,国际运输商
美邦国际快递,meibang,国际运输商
美达快递,meidaexpress,国内运输商
Merage ,merage,国际运输商
墨西哥（Correos de Mexico）,mexico,国际邮政
Mexico Senda Express,mexicodenda,国际运输商
名航速运,mhsy,国内运输商
银河物流,milkyway,国内运输商
Mitsui OSK Lines,mol,国际运输商
摩尔多瓦(Posta Moldovei),moldova,国际邮政
蒙古国(Mongol Post) ,mongolpost,国际邮政
黑山(Posta Crne Gore),montenegro,国际邮政
摩洛哥 ( Morocco Post ),morocco,国际邮政
MRW,mrw,国际运输商
中俄速通（淼信）,mxe56,国内运输商
mylerz,mylerz,国际运输商
新亚物流,nalexpress,国内运输商
纳米比亚(NamPost),namibia,国际邮政
NandanCourier,nandan,国际运输商
NAQEL Express,naqel,国际运输商
Nationex,nationex,国际运输商
早道佳,nbhtt,国内运输商
荷兰速递(Nederland Post),nederlandpost,国际邮政
尼泊尔（Nepal Postal Services）,nepalpost,国际邮政
Network Courier,networkcourier,国际运输商
Newgistics,newgistics,国际运输商
ninja xpress,ninjaxpress,国际运输商
Nippon Express,nipponexpress,国际运输商
NLE,nle,国际运输商
亚欧专线,nlebv,国际运输商
Nok Courier,nokcourier,国际运输商
Norsk Global,norsk_global,国际运输商
Nova Poshta,novaposhta,国际运输商
"诺客来	",nuokelai,国内运输商
偌亚奥国际快递,nuoyaao,国际运输商
诺信特快递,nxtwuliu,国内运输商
NYK Line,nyk,国际运输商
OCA Argentina,ocaargen,国际运输商
OC-Post,ocpost,国际运输商
?OCS ANA Group,ocsindia,国际运输商
阿曼(Oman Post),oman,国际邮政
无限配,omni2,国内运输商
Omni Parcel,omniparcel,国际运输商
爱沙尼亚(Eesti Post),omniva,国际邮政
One World Express,oneworldexpress,国际运输商
OPEK,opek,国际运输商
OPEX,opex,国际运输商
波音速递,overseaex,国内运输商
巴基斯坦(Pakistan Post),pakistan,国际邮政
巴拿马,panama,国际邮政
Pandu Logistics,pandulogistics,国内运输商
巴拉圭(Correo Paraguayo),paraguay,国际运输商
诚一物流,parcelchina,国际运输商
paxel,paxel,国际运输商
paxelen,paxelen,国际运输商
普畅物流,pcwl56,国内运输商
派尔快递,peex,国内运输商
配思货运,peisihuoyunkuaidi,国内运输商
陪行物流,peixingwuliu,国内运输商
佩奇集运,peppaship,国内运输商
Perfect Service,perfectservice,国际运输商
Presto,pesto,国际运输商
Parcel Freight Logistics,pflogistics,国际运输商
pickupp,pickupp,国际运输商
品速心达快递,pinsuxinda,国内运输商
品信快递,pinxinkuaidi,国内运输商
先锋国际快递,pioneer,国际运输商
葡萄牙（Portugal CTT）,portugalctten,国际运输商
Portugal Seur,portugalseur,国际运输商
POS INDONESIA,posindonesia,国际运输商
坦桑尼亚（Tanzania Posts Corporation）,posta,国际邮政
挪威（Posten Norge）,postennorge,国际邮政
巴布亚新几内亚(PNG Post),postpng,国际邮政
PP速运,ppsuyun,国内运输商
PT Prima Multi Cipta,primamulticipta,国际运输商
土耳其,ptt,国际邮政
启辰国际速递,qichen,国际运输商
秦远物流,qinyuan,国内运输商
卡塔尔（Qatar Post）,qpost,国际邮政
全速通,quansutong,国内运输商
Qxpress,qxpress,国际运输商
全之鑫物流,qzx56,国内运输商
R2S Logistics,r2slogistics,国际运输商
RAM,ramgroup_za,国际运输商
Rapido Cargo Egypt,rapidocargoeg,国际运输商
Redur,redur,国际运输商
Redur Spain,redur_es,国际运输商
仁速物流,rensu56,国内运输商
叙利亚(Syrian Post),republic,国际邮政
睿和泰速运,rhtexpress,国内运输商
锐界同城速递,rjtcsd,国内运输商
RL Carriers,rl_carriers,国际运输商
皇家国际速运,royal,国内运输商
rpx,rpx,国际运输商
日日通国际,rrthk,国际运输商
瑞典（Sweden Post）,ruidianyouzhengen,国际邮政
润百特货,runbail,国内运输商
卢旺达(Rwanda i-posita),rwanda,国际运输商
Safexpress,safexpress,国际运输商
佐川急便-英文,sagawaen,国际运输商
Correo El Salvador,salvador,国际邮政
萨摩亚(Samoa Post),samoa,国际邮政
三乐物流,sanle56,国内运输商
三盛快递,sanshengco,国内运输商
盛德国际墨西哥物流,sanstar,国内运输商
SAP EXPRESS,sapexpress,国际运输商
丰程物流,sccod,国内运输商
SCG,scglogistics,国际运输商
中加国际快递,scic,国际运输商
速佳达快运,scsujiada,国内运输商
四川星程快递,scxingcheng,国内运输商
首达速运,sdsy888,国内运输商
森鼎国际物流,sendinglog,国际运输商
Sendle,sendle,国际运输商
International Seur,seur,国际运输商
SFC,sfc,国际运输商
SFC Service,sfcservice,国际运输商
Shadowfax,shadowfax,国际运输商
穗航物流,shallexp,国内运输商
衫达快运,shanda56,国内运输商
尚橙物流,shangcheng,国内运输商
上海无疆for买卖宝,shanghaiwujiangmmb,国际运输商
尚途国际货运,shangtuguoji,国内运输商
山西建华,shanxijianhua,国内运输商
杰响物流,shbwch,国内运输商
商海德物流,shd56,国内运输商
神马快递,shenma,国内运输商
ShipBlu,shipblu,国际运输商
王牌快递,shipbyace,国内运输商
SHL畅灵国际物流,shlexp,国际运输商
wish邮,shpostwish,国际运输商
shreeanjanicourier,shreeanjanicourier,国际运输商
中外运空运,sinoairinex,国际运输商
Siodemka,siodemka,国际运输商
易普递,sixroad,国内运输商
Sky Express,skyexpresseg,国际运输商
SkyNet Malaysia,skynetmalaysia,国际运输商
荷兰Sky Post,skypost,国际邮政
Asendia HK (LATAM),skypostal,国际运输商
斯里兰卡(Sri Lanka Post),slpost,国际邮政
SMSA Express,smsaexpress,国际运输商
所罗门群岛,solomon,国际邮政
布基纳法索,sonapost,国际邮政
水趣到家,sooeasy,国内运输商
行必达,speeda,国内运输商
Speedaf,speedaf,国际运输商
 Speed Shipping Company,speedegypt,国际运输商
SpeedEx,speedex,国际运输商
Spoton,spoton,国际运输商
Sprint,sprint,国际运输商
首通快运,staky,国内运输商
星运快递,staryvr,国内运输商
圣卢西亚,stlucia,国际邮政
盛泰物流,stwles,国内运输商
速豹,subaoex,国内运输商
速呈宅配,sucheng,国内运输商
特急便物流,sucmj,国内运输商
苏丹（Sudapost）,sudapost,国际邮政
速配欧翼,superoz,国际运输商
苏里南,surpost,国际邮政
速通国际快运,sutongst,国际运输商
圣文森特和格林纳丁斯,svgpost,国际邮政
斯威士兰,swaziland,国际邮政
宇达物流,szyudawl,国内运输商
中时顺物流,szzss,国内运输商
Talabat ,talabat,国际运输商
坦桑尼亚(Tanzania Posts),tanzania,国际邮政
淘布斯国际物流,taoplus,国际运输商
淘特物流快递,taote,国内运输商
TCI XPS,tcixps,国际运输商
The BlueBhell Couriers,thebluebhellcouriers,国际运输商
The Courier Guy,thecourierguy,国际运输商
天翔快递,tianxiang,国内运输商
TIPSA,tipsa,国际运输商
Shree Tirupati,tirupati,国际运输商
天联快运,tlky,国内运输商
株式会社T.M.G,tmg,国内运输商
TNT UK,tntuk,国际运输商
多哥,togo,国际邮政
通达兴物流,tongdaxing,国内运输商
通和天下,tonghetianxia,国内运输商
顶世国际物流,topshey,国际运输商
The Professional Couriers,tpcindia,国际运输商
track-parcel,trackparcel,国际运输商
Trans Kargo,transkargologistics,国际运输商
Transporter Egypt,transporter,国际运输商
Turbo,turbo,国际运输商
海龟国际快递,turtle,国际运输商
UBX,ubx,国际运输商
欧洲UEX,uexiex,国际邮政
Ufelix,ufelix,国际运输商
乌干达(Posta Uganda),uganda,国际邮政
邮鸽速运,ugoexpress,国内运输商
优海国际速递,uhi,国际运输商
Uni Express,uniexpress,国际运输商
Union Courier SAE,unioncourier,国际运输商
United express courier service,unitedexpress,国际运输商
UParcel,uparcel,国际运输商
UPS Freight,upsfreight,国际运输商
UPS Mail Innovations,upsmailinno,国际运输商
速翼快递,usasueexpress,国内运输商
UTAO优到,utaoscm,国际运输商
乌兹别克斯坦(Post of Uzbekistan),uzbekistan,国际邮政
瓦努阿图(Vanuatu Post),vanuatu,国际邮政
越南小包(Vietnam Posts),vietnam,国际邮政
鹰运国际速递,vipexpress,国际运输商
Voo,voo,国际运输商
Wadily,wadily,国际运输商
Wahana,wahana,国际运输商
WassalNow,wassalnow,国际运输商
WATT,watt,国内运输商
万达美,wdm,国内运输商
Wedel,wedel,国际运输商
wedepot物流,wedepot,国际运输商
世航通运,welogistics,国内运输商
Whistl,whistl,国际运输商
万邑通,winit,国内运输商
凡仕特物流,wlfast,国内运输商
星空国际,wlwex,国际运输商
wowexpress,wowexpress,国际运输商
渭鹏速递,wpost56,国内运输商
WTD海外通,wtdex,国际运输商
九洲物流,wxjzwl,国内运输商
欧利,wxolys,国内运输商
新宏达物流,xhongda56,国内运输商
祥龙运通物流,xianglongyuntong,国内运输商
翔腾物流,xiangteng,国内运输商
西安喜来快递,xilaikd,国内运输商
新元快递,xingyuankuaidi,国内运输商
鑫梦成,xinmengcheng,国内运输商
雄达国际物流,xiongda,国际运输商
西邮寄,xipost,国际运输商
快弟来了,xlair,国内运输商
Xpert Delivery,xpertdelivery,国际运输商
XpressBees,xpressbees,国际运输商
新骐点物流,xqd4000711238,国内运输商
鑫世锐达,xsrd,国内运输商
YCG物流,ycgglobal,国际运输商
一邦速递,yibangwuliu,国内运输商
EMAYYA,yidazhuanyun,国际运输商
驿递汇速递,yidihui,国内运输商
易航物流,yihangmall,国内运输商
yikonn,yikonn,国际运输商
亿领速运,yilingsuyun,国内运输商
亿隆速运,yilongex,国内运输商
英超物流,yingchao,国际运输商
银捷速递,yinjiesudi,国内运输商
易欧洲国际物流,yiouzhou,国际运输商
一起送,yiqisong,国内运输商
亿顺航,yishunhang,国际运输商
宜送,yisong,国内运输商
益加盛快递,yjs,国内运输商
亚历克斯供应链,ylkswl,国内运输商
邮驿帮高铁速运,youyibang,国内运输商
永世通物流,ystsd,国内运输商
元智捷诚,yuanzhijiecheng,国内运输商
志方物流,zfex56,国内运输商
途兴供应链,zgtux,国内运输商
众派速递,zhpex,国内运输商
逐电快运,zhudiankuaiyun,国内运输商
创运物流,zjcy56,国内运输商
振捷国际货运,zjgj56,国际运输商
中途国际速递,ztsdu,国内运输商
增速跨境 ,zyzoom,国际运输商
